103.8.230.0,103.8.230.255
103.20.58.0,103.20.58.255
103.53.114.0,103.53.114.255
103.43.64.0,103.43.64.255
103.55.35.0,103.55.35.255
192.100.2.0,192.100.2.255
192.104.15.0,192.104.15.255
192.132.15.0,192.132.15.255
192.5.90.0,192.5.90.255
192.132.247.0,192.132.247.255
192.245.249.0,192.245.249.255
192.245.250.0,192.245.250.255
192.245.251.0,192.245.251.255
202.20.82.0,202.20.82.255
202.20.83.0,202.20.83.255
202.20.86.0,202.20.86.255
202.20.99.0,202.20.99.255
202.20.119.0,202.20.119.255
192.195.39.0,192.195.39.255
192.195.40.0,192.195.40.255
202.6.95.0,202.6.95.255
192.203.138.0,192.203.138.255
192.203.139.0,192.203.139.255
192.203.144.0,192.203.144.255
192.203.145.0,192.203.145.255
192.203.146.0,192.203.146.255
202.14.103.0,202.14.103.255
202.14.165.0,202.14.165.255
202.47.143.0,202.47.143.255
203.17.226.0,203.17.226.255
202.189.128.0,202.189.128.255
203.82.219.0,203.82.219.255
203.77.176.0,203.77.176.255
203.223.177.0,203.223.177.255
202.167.214.0,202.167.214.255
202.167.215.0,202.167.215.255
221.133.54.0,221.133.54.255
221.133.55.0,221.133.55.255
103.90.209.0,103.90.209.255
103.114.62.0,103.114.62.255
110.92.22.0,110.92.22.255
110.92.23.0,110.92.23.255
49.143.186.0,49.143.186.255
49.143.187.0,49.143.187.255
103.142.20.0,103.142.20.255
103.141.170.0,103.141.170.255
202.20.84.0,202.20.84.255
202.20.85.0,202.20.85.255
202.30.124.0,202.30.124.255
202.30.125.0,202.30.125.255
202.30.34.0,202.30.34.255
202.30.35.0,202.30.35.255
202.30.38.0,202.30.38.255
202.30.39.0,202.30.39.255
202.30.44.0,202.30.44.255
202.30.45.0,202.30.45.255
202.30.48.0,202.30.48.255
202.30.49.0,202.30.49.255
202.30.54.0,202.30.54.255
202.30.55.0,202.30.55.255
202.30.58.0,202.30.58.255
202.30.59.0,202.30.59.255
202.31.152.0,202.31.152.255
202.31.153.0,202.31.153.255
202.31.154.0,202.31.154.255
202.31.155.0,202.31.155.255
202.31.180.0,202.31.180.255
202.31.181.0,202.31.181.255
202.31.182.0,202.31.182.255
202.31.183.0,202.31.183.255
203.226.252.0,203.226.252.255
203.226.253.0,203.226.253.255
203.233.128.0,203.233.128.255
203.233.129.0,203.233.129.255
203.233.156.0,203.233.156.255
203.233.157.0,203.233.157.255
203.233.164.0,203.233.164.255
203.233.165.0,203.233.165.255
203.240.190.0,203.240.190.255
203.240.191.0,203.240.191.255
203.241.166.0,203.241.166.255
203.241.167.0,203.241.167.255
203.241.174.0,203.241.174.255
203.241.175.0,203.241.175.255
203.242.62.0,203.242.62.255
203.242.63.0,203.242.63.255
203.252.26.0,203.252.26.255
203.252.27.0,203.252.27.255
203.253.232.0,203.253.232.255
203.253.233.0,203.253.233.255
203.253.236.0,203.253.236.255
203.253.237.0,203.253.237.255
203.254.170.0,203.254.170.255
203.254.171.0,203.254.171.255
203.254.174.0,203.254.174.255
203.254.175.0,203.254.175.255
203.254.40.0,203.254.40.255
203.254.41.0,203.254.41.255
203.254.50.0,203.254.50.255
203.254.51.0,203.254.51.255
203.254.56.0,203.254.56.255
203.254.57.0,203.254.57.255
203.254.8.0,203.254.8.255
203.254.9.0,203.254.9.255
203.255.234.0,203.255.234.255
203.255.235.0,203.255.235.255
103.150.160.0,103.150.160.255
103.141.18.0,103.141.19.255
103.7.190.0,103.7.191.255
103.206.74.0,103.206.75.255
103.216.202.0,103.216.203.255
202.93.6.0,202.93.7.255
192.249.24.0,192.249.25.255
192.249.26.0,192.249.27.255
202.128.100.0,202.128.101.255
202.14.90.0,202.14.91.255
203.129.6.0,203.129.7.255
203.82.220.0,203.82.221.255
203.142.216.0,203.142.217.255
203.169.4.0,203.169.5.255
203.190.26.0,203.190.27.255
202.167.212.0,202.167.213.255
221.133.52.0,221.133.53.255
103.78.132.0,103.78.133.255
103.140.12.0,103.140.13.255
110.92.20.0,110.92.21.255
49.143.184.0,49.143.185.255
103.133.240.0,103.133.241.255
103.139.84.0,103.139.85.255
103.139.118.0,103.139.119.255
103.143.78.0,103.143.79.255
103.139.214.0,103.139.215.255
103.139.216.0,103.139.217.255
103.140.220.0,103.140.221.255
202.30.126.0,202.30.127.255
202.30.32.0,202.30.33.255
202.30.36.0,202.30.37.255
202.30.46.0,202.30.47.255
202.30.50.0,202.30.51.255
202.30.52.0,202.30.53.255
202.30.56.0,202.30.57.255
103.138.228.0,103.138.229.255
203.226.254.0,203.226.255.255
203.233.130.0,203.233.131.255
203.233.152.0,203.233.153.255
203.233.154.0,203.233.155.255
203.233.158.0,203.233.159.255
203.233.166.0,203.233.167.255
203.235.200.0,203.235.201.255
203.235.202.0,203.235.203.255
203.240.188.0,203.240.189.255
203.240.96.0,203.240.97.255
203.240.98.0,203.240.99.255
203.241.164.0,203.241.165.255
203.241.172.0,203.241.173.255
203.241.212.0,203.241.213.255
203.241.214.0,203.241.215.255
203.242.60.0,203.242.61.255
203.246.188.0,203.246.189.255
203.246.190.0,203.246.191.255
203.252.24.0,203.252.25.255
203.253.234.0,203.253.235.255
203.253.238.0,203.253.239.255
203.254.10.0,203.254.11.255
203.254.168.0,203.254.169.255
203.254.172.0,203.254.173.255
203.254.32.0,203.254.33.255
203.254.34.0,203.254.35.255
203.254.42.0,203.254.43.255
203.254.48.0,203.254.49.255
203.254.58.0,203.254.59.255
203.255.220.0,203.255.221.255
203.255.222.0,203.255.223.255
203.255.232.0,203.255.233.255
103.143.176.0,103.143.177.255
103.144.30.0,103.144.31.255
103.143.32.0,103.143.33.255
103.153.44.0,103.153.45.255
103.150.62.0,103.150.63.255
103.150.204.0,103.150.205.255
103.150.162.0,103.150.163.255
103.149.188.0,103.149.189.255
103.146.180.0,103.146.181.255
103.146.204.0,103.146.205.255
103.145.214.0,103.145.215.255
45.112.168.0,45.112.171.255
45.119.40.0,45.119.43.255
43.230.0.0,43.230.3.255
43.224.104.0,43.224.107.255
43.250.152.0,43.250.155.255
43.251.28.0,43.251.31.255
43.251.68.0,43.251.71.255
43.251.120.0,43.251.123.255
27.0.236.0,27.0.239.255
45.113.44.0,45.113.47.255
45.113.48.0,45.113.51.255
43.230.76.0,43.230.79.255
43.230.80.0,43.230.83.255
43.230.216.0,43.230.219.255
43.246.152.0,43.246.155.255
43.246.180.0,43.246.183.255
45.119.144.0,45.119.147.255
45.120.64.0,45.120.67.255
45.120.68.0,45.120.71.255
43.241.104.0,43.241.107.255
43.241.108.0,43.241.111.255
43.247.104.0,43.247.107.255
43.247.192.0,43.247.195.255
45.115.152.0,45.115.155.255
43.254.244.0,43.254.247.255
43.227.116.0,43.227.119.255
43.227.120.0,43.227.123.255
43.242.112.0,43.242.115.255
45.117.12.0,45.117.15.255
43.255.248.0,43.255.251.255
43.255.252.0,43.255.255.255
45.64.140.0,45.64.143.255
45.64.144.0,45.64.147.255
45.64.152.0,45.64.155.255
45.64.172.0,45.64.175.255
43.228.160.0,43.228.163.255
43.243.216.0,43.243.219.255
103.3.36.0,103.3.39.255
103.7.32.0,103.7.35.255
103.10.216.0,103.10.219.255
103.11.24.0,103.11.27.255
103.11.44.0,103.11.47.255
103.11.56.0,103.11.59.255
103.21.200.0,103.21.203.255
103.25.16.0,103.25.19.255
45.121.164.0,45.121.167.255
45.125.232.0,45.125.235.255
45.126.148.0,45.126.151.255
49.50.0.0,49.50.3.255
103.4.48.0,103.4.51.255
103.4.148.0,103.4.151.255
103.4.176.0,103.4.179.255
103.4.180.0,103.4.183.255
103.7.244.0,103.7.247.255
103.8.100.0,103.8.103.255
103.11.128.0,103.11.131.255
103.11.248.0,103.11.251.255
103.22.220.0,103.22.223.255
103.5.128.0,103.5.131.255
103.5.144.0,103.5.147.255
103.9.32.0,103.9.35.255
103.9.128.0,103.9.131.255
103.19.124.0,103.19.127.255
103.27.128.0,103.27.131.255
103.30.108.0,103.30.111.255
103.30.156.0,103.30.159.255
103.30.160.0,103.30.163.255
103.30.204.0,103.30.207.255
45.248.72.0,45.248.75.255
61.14.208.0,61.14.211.255
103.2.76.0,103.2.79.255
103.2.84.0,103.2.87.255
103.2.92.0,103.2.95.255
103.6.72.0,103.6.75.255
103.6.80.0,103.6.83.255
103.6.100.0,103.6.103.255
103.6.172.0,103.6.175.255
103.10.92.0,103.10.95.255
103.12.248.0,103.12.251.255
103.12.252.0,103.12.255.255
103.13.52.0,103.13.55.255
103.13.160.0,103.13.163.255
103.20.116.0,103.20.119.255
103.24.8.0,103.24.11.255
103.27.148.0,103.27.151.255
103.28.60.0,103.28.63.255
103.28.64.0,103.28.67.255
103.31.180.0,103.31.183.255
45.249.64.0,45.249.67.255
45.249.160.0,45.249.163.255
58.84.44.0,58.84.47.255
103.62.228.0,103.62.231.255
103.51.176.0,103.51.179.255
103.51.200.0,103.51.203.255
103.55.188.0,103.55.191.255
103.59.92.0,103.59.95.255
103.59.156.0,103.59.159.255
103.194.252.0,103.194.255.255
103.212.244.0,103.212.247.255
103.212.248.0,103.212.251.255
103.226.72.0,103.226.75.255
103.226.76.0,103.226.79.255
103.226.96.0,103.226.99.255
103.38.24.0,103.38.27.255
103.49.44.0,103.49.47.255
103.52.200.0,103.52.203.255
103.60.120.0,103.60.123.255
103.60.124.0,103.60.127.255
103.214.24.0,103.214.27.255
103.214.88.0,103.214.91.255
103.39.36.0,103.39.39.255
103.42.184.0,103.42.187.255
103.50.40.0,103.50.43.255
103.57.60.0,103.57.63.255
103.215.144.0,103.215.147.255
103.215.152.0,103.215.155.255
103.218.156.0,103.218.159.255
103.218.160.0,103.218.163.255
103.43.120.0,103.43.123.255
103.194.108.0,103.194.111.255
103.212.124.0,103.212.127.255
103.212.220.0,103.212.223.255
103.244.108.0,103.244.111.255
103.247.220.0,103.247.223.255
103.247.232.0,103.247.235.255
103.248.104.0,103.248.107.255
103.251.104.0,103.251.107.255
113.61.104.0,113.61.107.255
103.230.88.0,103.230.91.255
103.230.112.0,103.230.115.255
103.234.4.0,103.234.7.255
103.241.116.0,103.241.119.255
103.249.28.0,103.249.31.255
103.252.228.0,103.252.231.255
103.231.128.0,103.231.131.255
103.235.24.0,103.235.27.255
103.238.248.0,103.238.251.255
103.239.112.0,103.239.115.255
103.243.20.0,103.243.23.255
103.246.56.0,103.246.59.255
103.253.56.0,103.253.59.255
103.253.240.0,103.253.243.255
111.92.188.0,111.92.191.255
103.239.236.0,103.239.239.255
103.239.240.0,103.239.243.255
103.240.28.0,103.240.31.255
103.240.48.0,103.240.51.255
103.243.200.0,103.243.203.255
103.244.40.0,103.244.43.255
103.246.236.0,103.246.239.255
110.76.140.0,110.76.143.255
103.229.156.0,103.229.159.255
103.237.20.0,103.237.23.255
103.241.76.0,103.241.79.255
144.48.40.0,144.48.43.255
180.222.220.0,180.222.223.255
144.48.44.0,144.48.47.255
144.48.92.0,144.48.95.255
144.48.100.0,144.48.103.255
150.107.68.0,150.107.71.255
150.107.80.0,150.107.83.255
150.107.84.0,150.107.87.255
160.202.160.0,160.202.163.255
160.202.172.0,160.202.175.255
160.202.176.0,160.202.179.255
163.53.156.0,163.53.159.255
180.148.180.0,180.148.183.255
139.5.224.0,139.5.227.255
146.88.84.0,146.88.87.255
150.129.224.0,150.129.227.255
157.119.32.0,157.119.35.255
157.119.36.0,157.119.39.255
150.242.132.0,150.242.135.255
150.242.144.0,150.242.147.255
192.249.28.0,192.249.31.255
198.148.192.0,198.148.195.255
202.165.56.0,202.165.59.255
192.203.140.0,192.203.143.255
202.73.132.0,202.73.135.255
202.89.124.0,202.89.127.255
202.89.248.0,202.89.251.255
202.171.248.0,202.171.251.255
202.174.88.0,202.174.91.255
203.128.236.0,203.128.239.255
203.175.188.0,203.175.191.255
203.160.140.0,203.160.143.255
203.190.4.0,203.190.7.255
203.81.8.0,203.81.11.255
202.167.208.0,202.167.211.255
103.105.156.0,103.105.159.255
103.105.160.0,103.105.163.255
221.133.48.0,221.133.51.255
103.90.244.0,103.90.247.255
103.77.84.0,103.77.87.255
103.79.132.0,103.79.135.255
103.66.188.0,103.66.191.255
103.66.192.0,103.66.195.255
103.87.116.0,103.87.119.255
103.219.124.0,103.219.127.255
103.219.128.0,103.219.131.255
45.250.204.0,45.250.207.255
45.250.208.0,45.250.211.255
45.250.220.0,45.250.223.255
103.74.0.0,103.74.3.255
103.60.192.0,103.60.195.255
103.68.96.0,103.68.99.255
103.68.148.0,103.68.151.255
103.68.152.0,103.68.155.255
202.90.252.0,202.90.255.255
202.148.48.0,202.148.51.255
103.54.72.0,103.54.75.255
45.114.128.0,45.114.131.255
103.246.172.0,103.246.175.255
103.254.248.0,103.254.251.255
103.85.80.0,103.85.83.255
202.179.148.0,202.179.151.255
210.16.116.0,210.16.119.255
103.114.124.0,103.114.127.255
103.122.184.0,103.122.187.255
43.229.0.0,43.229.3.255
182.173.176.0,182.173.179.255
182.173.180.0,182.173.183.255
49.143.176.0,49.143.179.255
49.143.180.0,49.143.183.255
49.143.188.0,49.143.191.255
49.236.128.0,49.236.131.255
49.236.132.0,49.236.135.255
103.132.32.0,103.132.35.255
103.132.36.0,103.132.39.255
45.150.140.0,45.150.143.255
45.150.172.0,45.150.175.255
103.124.100.0,103.124.103.255
45.156.116.0,45.156.119.255
45.146.240.0,45.146.243.255
123.253.172.0,123.253.175.255
103.127.212.0,103.127.215.255
167.179.212.0,167.179.215.255
103.125.108.0,103.125.111.255
210.97.192.0,210.97.195.255
210.97.196.0,210.97.199.255
211.234.240.0,211.234.243.255
211.234.244.0,211.234.247.255
211.254.248.0,211.254.251.255
211.254.252.0,211.254.255.255
211.35.100.0,211.35.103.255
211.35.96.0,211.35.99.255
211.47.160.0,211.47.163.255
211.47.164.0,211.47.167.255
61.101.240.0,61.101.243.255
61.101.244.0,61.101.247.255
61.110.128.0,61.110.131.255
61.110.132.0,61.110.135.255
61.248.224.0,61.248.227.255
61.248.228.0,61.248.231.255
61.249.88.0,61.249.91.255
61.249.92.0,61.249.95.255
61.252.64.0,61.252.67.255
61.252.68.0,61.252.71.255
61.252.72.0,61.252.75.255
61.252.76.0,61.252.79.255
192.132.248.0,192.132.251.255
202.30.120.0,202.30.123.255
202.30.40.0,202.30.43.255
202.30.60.0,202.30.63.255
202.31.156.0,202.31.159.255
202.31.176.0,202.31.179.255
202.31.184.0,202.31.187.255
202.31.188.0,202.31.191.255
202.31.208.0,202.31.211.255
202.31.212.0,202.31.215.255
202.31.216.0,202.31.219.255
202.31.220.0,202.31.223.255
203.226.248.0,203.226.251.255
203.230.112.0,203.230.115.255
203.230.116.0,203.230.119.255
203.233.132.0,203.233.135.255
203.233.160.0,203.233.163.255
203.235.204.0,203.235.207.255
203.236.40.0,203.236.43.255
203.236.44.0,203.236.47.255
203.240.100.0,203.240.103.255
203.240.184.0,203.240.187.255
203.241.112.0,203.241.115.255
203.241.116.0,203.241.119.255
203.241.120.0,203.241.123.255
203.241.124.0,203.241.127.255
203.241.128.0,203.241.131.255
203.241.132.0,203.241.135.255
203.241.160.0,203.241.163.255
203.241.168.0,203.241.171.255
203.241.208.0,203.241.211.255
203.241.216.0,203.241.219.255
203.241.220.0,203.241.223.255
203.241.48.0,203.241.51.255
203.241.52.0,203.241.55.255
203.241.80.0,203.241.83.255
203.241.84.0,203.241.87.255
203.242.56.0,203.242.59.255
203.246.184.0,203.246.187.255
203.252.28.0,203.252.31.255
203.253.128.0,203.253.131.255
203.253.132.0,203.253.135.255
203.254.12.0,203.254.15.255
103.106.140.0,103.106.143.255
203.254.36.0,203.254.39.255
203.254.44.0,203.254.47.255
203.254.52.0,203.254.55.255
203.254.60.0,203.254.63.255
203.255.120.0,203.255.123.255
203.255.124.0,203.255.127.255
203.255.208.0,203.255.211.255
203.255.212.0,203.255.215.255
203.255.216.0,203.255.219.255
203.255.236.0,203.255.239.255
103.131.164.0,103.131.167.255
103.108.108.0,103.108.111.255
103.140.208.0,103.140.211.255
103.117.0.0,103.117.3.255
103.129.184.0,103.129.187.255
103.109.64.0,103.109.67.255
45.154.156.0,45.154.159.255
103.127.124.0,103.127.127.255
103.126.64.0,103.126.67.255
45.112.88.0,45.112.95.255
45.112.112.0,45.112.119.255
45.112.152.0,45.112.159.255
45.112.160.0,45.112.167.255
58.147.176.0,58.147.183.255
103.23.80.0,103.23.87.255
101.1.8.0,101.1.15.255
103.51.168.0,103.51.175.255
103.51.184.0,103.51.191.255
103.51.192.0,103.51.199.255
110.93.24.0,110.93.31.255
119.235.240.0,119.235.247.255
116.68.232.0,116.68.239.255
116.90.216.0,116.90.223.255
112.137.176.0,112.137.183.255
112.140.144.0,112.140.151.255
115.84.160.0,115.84.167.255
116.193.80.0,116.193.87.255
116.193.88.0,116.193.95.255
116.199.160.0,116.199.167.255
119.31.240.0,119.31.247.255
119.31.248.0,119.31.255.255
112.140.152.0,112.140.159.255
114.110.24.0,114.110.31.255
115.165.176.0,115.165.183.255
115.187.80.0,115.187.87.255
111.221.32.0,111.221.39.255
113.52.136.0,113.52.143.255
114.141.40.0,114.141.47.255
122.0.8.0,122.0.15.255
125.62.216.0,125.62.223.255
175.45.160.0,175.45.167.255
180.150.224.0,180.150.231.255
122.129.208.0,122.129.215.255
122.129.240.0,122.129.247.255
122.129.248.0,122.129.255.255
180.210.192.0,180.210.199.255
202.131.24.0,202.131.31.255
202.21.0.0,202.21.7.255
202.43.48.0,202.43.55.255
202.43.56.0,202.43.63.255
192.249.16.0,192.249.23.255
202.59.216.0,202.59.223.255
202.86.8.0,202.86.15.255
202.126.112.0,202.126.119.255
202.179.176.0,202.179.183.255
210.4.88.0,210.4.95.255
210.4.216.0,210.4.223.255
203.82.240.0,203.82.247.255
203.166.208.0,203.166.215.255
202.167.216.0,202.167.223.255
221.133.56.0,221.133.63.255
182.173.184.0,182.173.191.255
27.96.128.0,27.96.135.255
27.96.136.0,27.96.143.255
49.236.136.0,49.236.143.255
49.236.160.0,49.236.167.255
49.236.168.0,49.236.175.255
210.97.200.0,210.97.207.255
211.234.248.0,211.234.255.255
211.254.240.0,211.254.247.255
211.35.104.0,211.35.111.255
211.47.168.0,211.47.175.255
61.100.240.0,61.100.247.255
61.100.248.0,61.100.255.255
61.101.248.0,61.101.255.255
61.110.136.0,61.110.143.255
61.248.232.0,61.248.239.255
61.249.80.0,61.249.87.255
110.34.56.0,110.34.63.255
123.108.0.0,123.108.7.255
152.149.32.0,152.149.39.255
152.149.40.0,152.149.47.255
202.30.112.0,202.30.119.255
202.31.144.0,202.31.151.255
203.226.240.0,203.226.247.255
203.230.120.0,203.230.127.255
203.233.136.0,203.233.143.255
203.233.144.0,203.233.151.255
203.233.168.0,203.233.175.255
203.235.192.0,203.235.199.255
203.236.32.0,203.236.39.255
203.240.104.0,203.240.111.255
203.240.176.0,203.240.183.255
203.241.136.0,203.241.143.255
203.241.56.0,203.241.63.255
203.241.88.0,203.241.95.255
203.242.112.0,203.242.119.255
203.242.120.0,203.242.127.255
203.242.48.0,203.242.55.255
203.246.176.0,203.246.183.255
203.252.16.0,203.252.23.255
203.253.136.0,203.253.143.255
203.253.224.0,203.253.231.255
203.253.240.0,203.253.247.255
203.253.248.0,203.253.255.255
203.254.0.0,203.254.7.255
203.254.160.0,203.254.167.255
203.255.112.0,203.255.119.255
203.255.224.0,203.255.231.255
203.255.240.0,203.255.247.255
203.255.248.0,203.255.255.255
210.114.104.0,210.114.111.255
210.114.80.0,210.114.87.255
210.114.88.0,210.114.95.255
210.114.96.0,210.114.103.255
211.188.104.0,211.188.111.255
211.188.96.0,211.188.103.255
211.255.128.0,211.255.135.255
211.255.136.0,211.255.143.255
223.255.192.0,223.255.199.255
223.255.200.0,223.255.207.255
14.192.80.0,14.192.95.255
45.112.96.0,45.112.111.255
49.50.16.0,49.50.31.255
61.245.176.0,61.245.191.255
103.51.240.0,103.51.255.255
110.93.112.0,110.93.127.255
110.232.96.0,110.232.111.255
112.72.16.0,112.72.31.255
113.197.80.0,113.197.95.255
119.235.192.0,119.235.207.255
120.29.128.0,120.29.143.255
111.67.208.0,111.67.223.255
114.30.48.0,114.30.63.255
114.31.112.0,114.31.127.255
118.91.144.0,118.91.159.255
111.91.128.0,111.91.143.255
111.91.144.0,111.91.159.255
114.111.32.0,114.111.47.255
114.111.48.0,114.111.63.255
115.178.32.0,115.178.47.255
118.107.160.0,118.107.175.255
121.50.16.0,121.50.31.255
113.29.192.0,113.29.207.255
117.20.80.0,117.20.95.255
117.58.128.0,117.58.143.255
119.148.112.0,119.148.127.255
180.92.240.0,180.92.255.255
123.0.0.0,123.0.15.255
124.66.176.0,124.66.191.255
124.66.208.0,124.66.223.255
175.28.32.0,175.28.47.255
175.41.0.0,175.41.15.255
182.50.16.0,182.50.31.255
123.108.16.0,123.108.31.255
122.128.64.0,122.128.79.255
175.111.16.0,175.111.31.255
175.176.128.0,175.176.143.255
180.189.176.0,180.189.191.255
182.173.80.0,182.173.95.255
121.101.192.0,121.101.207.255
202.150.176.0,202.150.191.255
202.133.16.0,202.133.31.255
202.136.112.0,202.136.127.255
202.158.144.0,202.158.159.255
202.3.16.0,202.3.31.255
203.207.16.0,203.207.31.255
203.130.176.0,203.130.191.255
203.153.144.0,203.153.159.255
203.210.16.0,203.210.31.255
210.80.96.0,210.80.111.255
210.80.112.0,210.80.127.255
203.84.240.0,203.84.255.255
203.149.112.0,203.149.127.255
203.252.0.0,203.252.15.255
210.211.0.0,210.211.15.255
101.79.128.0,101.79.143.255
101.79.144.0,101.79.159.255
101.79.160.0,101.79.175.255
101.79.176.0,101.79.191.255
101.79.192.0,101.79.207.255
101.79.208.0,101.79.223.255
101.79.224.0,101.79.239.255
101.79.240.0,101.79.255.255
110.93.128.0,110.93.143.255
110.93.144.0,110.93.159.255
115.85.160.0,115.85.175.255
115.85.176.0,115.85.191.255
175.106.112.0,175.106.127.255
175.106.96.0,175.106.111.255
182.173.160.0,182.173.175.255
211.233.128.0,211.233.143.255
211.233.144.0,211.233.159.255
211.56.0.0,211.56.15.255
211.56.16.0,211.56.31.255
223.130.192.0,223.130.207.255
223.130.208.0,223.130.223.255
223.130.224.0,223.130.239.255
223.130.240.0,223.130.255.255
223.255.208.0,223.255.223.255
27.96.144.0,27.96.159.255
49.143.160.0,49.143.175.255
49.143.192.0,49.143.207.255
49.143.208.0,49.143.223.255
49.236.144.0,49.236.159.255
49.236.176.0,49.236.191.255
49.50.128.0,49.50.143.255
49.50.144.0,49.50.159.255
49.50.160.0,49.50.175.255
49.50.176.0,49.50.191.255
101.101.160.0,101.101.175.255
101.101.176.0,101.101.191.255
101.101.192.0,101.101.207.255
101.101.208.0,101.101.223.255
210.97.208.0,210.97.223.255
210.97.224.0,210.97.239.255
210.97.240.0,210.97.255.255
211.110.224.0,211.110.239.255
211.110.240.0,211.110.255.255
211.111.160.0,211.111.175.255
211.111.176.0,211.111.191.255
211.111.192.0,211.111.207.255
211.111.208.0,211.111.223.255
211.116.160.0,211.116.175.255
211.116.176.0,211.116.191.255
211.172.112.0,211.172.127.255
211.172.128.0,211.172.143.255
211.172.144.0,211.172.159.255
211.172.160.0,211.172.175.255
211.172.176.0,211.172.191.255
211.172.192.0,211.172.207.255
211.172.208.0,211.172.223.255
211.172.224.0,211.172.239.255
211.172.240.0,211.172.255.255
211.172.64.0,211.172.79.255
211.172.80.0,211.172.95.255
211.172.96.0,211.172.111.255
211.174.0.0,211.174.15.255
211.174.16.0,211.174.31.255
211.174.32.0,211.174.47.255
211.174.48.0,211.174.63.255
211.187.128.0,211.187.143.255
211.187.144.0,211.187.159.255
211.190.112.0,211.190.127.255
211.190.128.0,211.190.143.255
211.190.144.0,211.190.159.255
211.190.32.0,211.190.47.255
211.190.48.0,211.190.63.255
211.190.96.0,211.190.111.255
211.191.0.0,211.191.15.255
211.191.112.0,211.191.127.255
211.191.128.0,211.191.143.255
211.191.144.0,211.191.159.255
211.191.16.0,211.191.31.255
211.191.224.0,211.191.239.255
211.191.240.0,211.191.255.255
211.191.32.0,211.191.47.255
211.191.48.0,211.191.63.255
211.191.96.0,211.191.111.255
211.234.224.0,211.234.239.255
211.237.0.0,211.237.15.255
211.237.112.0,211.237.127.255
211.237.128.0,211.237.143.255
211.237.144.0,211.237.159.255
211.237.16.0,211.237.31.255
211.237.192.0,211.237.207.255
211.237.208.0,211.237.223.255
211.237.224.0,211.237.239.255
211.237.240.0,211.237.255.255
211.237.32.0,211.237.47.255
211.237.48.0,211.237.63.255
211.237.64.0,211.237.79.255
211.237.80.0,211.237.95.255
211.237.96.0,211.237.111.255
211.238.160.0,211.238.175.255
211.238.176.0,211.238.191.255
211.238.192.0,211.238.207.255
211.238.208.0,211.238.223.255
211.238.224.0,211.238.239.255
211.238.240.0,211.238.255.255
211.254.224.0,211.254.239.255
211.255.192.0,211.255.207.255
211.255.208.0,211.255.223.255
211.35.112.0,211.35.127.255
211.35.64.0,211.35.79.255
211.35.80.0,211.35.95.255
211.41.192.0,211.41.207.255
211.41.208.0,211.41.223.255
211.43.128.0,211.43.143.255
211.43.144.0,211.43.159.255
211.47.176.0,211.47.191.255
211.47.224.0,211.47.239.255
211.47.240.0,211.47.255.255
211.47.64.0,211.47.79.255
211.47.80.0,211.47.95.255
211.52.128.0,211.52.143.255
211.52.144.0,211.52.159.255
211.61.112.0,211.61.127.255
211.61.96.0,211.61.111.255
61.100.224.0,61.100.239.255
61.101.224.0,61.101.239.255
61.106.224.0,61.106.239.255
61.106.240.0,61.106.255.255
61.106.64.0,61.106.79.255
61.106.80.0,61.106.95.255
61.110.144.0,61.110.159.255
61.110.32.0,61.110.47.255
61.110.48.0,61.110.63.255
61.111.112.0,61.111.127.255
61.111.224.0,61.111.239.255
61.111.240.0,61.111.255.255
61.111.96.0,61.111.111.255
61.248.160.0,61.248.175.255
61.248.176.0,61.248.191.255
61.248.240.0,61.248.255.255
61.249.64.0,61.249.79.255
61.251.0.0,61.251.15.255
61.251.112.0,61.251.127.255
61.251.16.0,61.251.31.255
61.251.160.0,61.251.175.255
61.251.176.0,61.251.191.255
61.251.64.0,61.251.79.255
61.251.80.0,61.251.95.255
61.251.96.0,61.251.111.255
61.252.0.0,61.252.15.255
61.252.16.0,61.252.31.255
61.252.32.0,61.252.47.255
61.252.48.0,61.252.63.255
61.252.80.0,61.252.95.255
61.97.0.0,61.97.15.255
61.97.112.0,61.97.127.255
61.97.16.0,61.97.31.255
61.97.160.0,61.97.175.255
61.97.176.0,61.97.191.255
61.97.224.0,61.97.239.255
61.97.240.0,61.97.255.255
61.97.64.0,61.97.79.255
61.97.80.0,61.97.95.255
61.97.96.0,61.97.111.255
152.149.48.0,152.149.63.255
202.30.96.0,202.30.111.255
202.31.128.0,202.31.143.255
202.31.160.0,202.31.175.255
202.31.192.0,202.31.207.255
203.226.224.0,203.226.239.255
203.230.64.0,203.230.79.255
203.230.80.0,203.230.95.255
203.230.96.0,203.230.111.255
203.233.176.0,203.233.191.255
203.233.224.0,203.233.239.255
203.233.240.0,203.233.255.255
203.234.112.0,203.234.127.255
203.234.96.0,203.234.111.255
203.235.208.0,203.235.223.255
203.236.48.0,203.236.63.255
203.238.160.0,203.238.175.255
203.238.176.0,203.238.191.255
203.240.112.0,203.240.127.255
203.240.160.0,203.240.175.255
203.241.144.0,203.241.159.255
203.241.176.0,203.241.191.255
203.241.192.0,203.241.207.255
203.241.32.0,203.241.47.255
203.241.64.0,203.241.79.255
203.241.96.0,203.241.111.255
203.242.32.0,203.242.47.255
203.242.96.0,203.242.111.255
203.244.224.0,203.244.239.255
203.244.240.0,203.244.255.255
203.246.160.0,203.246.175.255
203.252.192.0,203.252.207.255
203.252.208.0,203.252.223.255
203.253.112.0,203.253.127.255
203.253.144.0,203.253.159.255
203.253.32.0,203.253.47.255
203.253.48.0,203.253.63.255
203.253.96.0,203.253.111.255
203.254.16.0,203.254.31.255
203.254.176.0,203.254.191.255
203.255.192.0,203.255.207.255
203.255.96.0,203.255.111.255
210.111.112.0,210.111.127.255
210.111.64.0,210.111.79.255
210.111.80.0,210.111.95.255
210.111.96.0,210.111.111.255
210.112.160.0,210.112.175.255
210.112.176.0,210.112.191.255
210.114.112.0,210.114.127.255
210.114.192.0,210.114.207.255
210.114.208.0,210.114.223.255
210.114.64.0,210.114.79.255
210.119.224.0,210.119.239.255
210.119.240.0,210.119.255.255
210.125.0.0,210.125.15.255
210.125.16.0,210.125.31.255
210.205.112.0,210.205.127.255
210.205.224.0,210.205.239.255
210.205.240.0,210.205.255.255
210.205.96.0,210.205.111.255
64.188.32.0,64.188.47.255
165.141.112.0,165.141.127.255
165.141.96.0,165.141.111.255
211.188.112.0,211.188.127.255
211.255.144.0,211.255.159.255
27.255.64.0,27.255.95.255
27.255.96.0,27.255.127.255
27.111.96.0,27.111.127.255
14.0.32.0,14.0.63.255
101.53.64.0,101.53.95.255
49.50.32.0,49.50.63.255
49.128.192.0,49.128.223.255
60.253.64.0,60.253.95.255
61.4.192.0,61.4.223.255
61.4.224.0,61.4.255.255
61.5.160.0,61.5.191.255
61.245.224.0,61.245.255.255
61.247.128.0,61.247.159.255
61.247.192.0,61.247.223.255
101.1.32.0,101.1.63.255
58.87.32.0,58.87.63.255
115.31.96.0,115.31.127.255
115.69.96.0,115.69.127.255
110.165.0.0,110.165.31.255
112.72.32.0,112.72.63.255
113.61.0.0,113.61.31.255
113.130.64.0,113.130.95.255
116.68.32.0,116.68.63.255
116.89.160.0,116.89.191.255
116.93.160.0,116.93.191.255
119.17.0.0,119.17.31.255
120.50.128.0,120.50.159.255
111.67.224.0,111.67.255.255
112.109.32.0,112.109.63.255
112.121.0.0,112.121.31.255
114.30.0.0,114.30.31.255
114.31.32.0,114.31.63.255
116.212.0.0,116.212.31.255
119.42.160.0,119.42.191.255
120.143.160.0,120.143.191.255
110.35.96.0,110.35.127.255
110.44.32.0,110.44.63.255
111.91.160.0,111.91.191.255
112.196.192.0,112.196.223.255
112.213.0.0,112.213.31.255
115.178.64.0,115.178.95.255
118.103.192.0,118.103.223.255
119.63.224.0,119.63.255.255
119.77.96.0,119.77.127.255
119.82.32.0,119.82.63.255
121.50.224.0,121.50.255.255
113.21.0.0,113.21.31.255
113.52.192.0,113.52.223.255
114.141.0.0,114.141.31.255
114.141.224.0,114.141.255.255
117.53.64.0,117.53.95.255
117.53.96.0,117.53.127.255
119.148.128.0,119.148.159.255
119.161.0.0,119.161.31.255
183.78.128.0,183.78.159.255
122.0.32.0,122.0.63.255
122.252.192.0,122.252.223.255
125.208.192.0,125.208.223.255
125.208.224.0,125.208.255.255
182.50.32.0,182.50.63.255
183.90.128.0,183.90.159.255
122.100.32.0,122.100.63.255
123.98.160.0,123.98.191.255
123.98.192.0,123.98.223.255
123.100.160.0,123.100.191.255
123.108.160.0,123.108.191.255
180.150.192.0,180.150.223.255
182.161.96.0,182.161.127.255
122.128.32.0,122.128.63.255
124.195.160.0,124.195.191.255
124.195.224.0,124.195.255.255
124.197.192.0,124.197.223.255
124.217.192.0,124.217.223.255
175.158.0.0,175.158.31.255
182.173.96.0,182.173.127.255
182.237.32.0,182.237.63.255
121.101.224.0,121.101.255.255
122.152.96.0,122.152.127.255
122.202.32.0,122.202.63.255
123.254.64.0,123.254.95.255
202.68.224.0,202.68.255.255
202.136.128.0,202.136.159.255
202.22.32.0,202.22.63.255
202.163.128.0,202.163.159.255
202.8.160.0,202.8.191.255
203.128.160.0,203.128.191.255
203.128.192.0,203.128.223.255
203.130.64.0,203.130.95.255
203.130.96.0,203.130.127.255
203.152.160.0,203.152.191.255
203.175.32.0,203.175.63.255
210.2.32.0,210.2.63.255
210.57.224.0,210.57.255.255
210.218.192.0,210.218.223.255
210.218.224.0,210.218.255.255
210.220.64.0,210.220.95.255
210.220.96.0,210.220.127.255
203.83.128.0,203.83.159.255
203.100.160.0,203.100.191.255
203.132.160.0,203.132.191.255
203.133.160.0,203.133.191.255
203.142.160.0,203.142.191.255
203.210.32.0,203.210.63.255
203.212.96.0,203.212.127.255
203.212.160.0,203.212.191.255
210.87.192.0,210.87.223.255
210.89.160.0,210.89.191.255
211.36.192.0,211.36.223.255
211.36.224.0,211.36.255.255
211.42.128.0,211.42.159.255
211.42.160.0,211.42.191.255
211.42.192.0,211.42.223.255
211.42.224.0,211.42.255.255
211.63.0.0,211.63.31.255
211.63.32.0,211.63.63.255
203.109.0.0,203.109.31.255
203.215.192.0,203.215.223.255
203.216.160.0,203.216.191.255
210.102.0.0,210.102.31.255
210.102.32.0,210.102.63.255
210.103.192.0,210.103.223.255
210.103.224.0,210.103.255.255
210.106.192.0,210.106.223.255
210.106.224.0,210.106.255.255
210.180.0.0,210.180.31.255
210.180.32.0,210.180.63.255
210.180.192.0,210.180.223.255
210.180.224.0,210.180.255.255
211.234.64.0,211.234.95.255
211.234.96.0,211.234.127.255
203.90.32.0,203.90.63.255
203.123.192.0,203.123.223.255
203.170.96.0,203.170.127.255
203.171.160.0,203.171.191.255
203.173.96.0,203.173.127.255
203.223.96.0,203.223.127.255
203.252.32.0,203.252.63.255
210.0.32.0,210.0.63.255
210.192.64.0,210.192.95.255
210.211.64.0,210.211.95.255
221.132.64.0,221.132.95.255
203.81.128.0,203.81.159.255
106.10.0.0,106.10.31.255
106.10.32.0,106.10.63.255
110.93.160.0,110.93.191.255
118.67.128.0,118.67.159.255
118.67.160.0,118.67.191.255
175.106.64.0,175.106.95.255
175.45.192.0,175.45.223.255
175.45.224.0,175.45.255.255
27.96.160.0,27.96.191.255
49.143.128.0,49.143.159.255
101.101.128.0,101.101.159.255
101.101.224.0,101.101.255.255
210.217.128.0,210.217.159.255
210.217.160.0,210.217.191.255
210.217.192.0,210.217.223.255
210.217.224.0,210.217.255.255
210.218.64.0,210.218.95.255
210.218.96.0,210.218.127.255
210.219.0.0,210.219.31.255
210.219.32.0,210.219.63.255
210.220.0.0,210.220.31.255
210.220.128.0,210.220.159.255
210.220.160.0,210.220.191.255
210.220.32.0,210.220.63.255
210.221.128.0,210.221.159.255
210.221.160.0,210.221.191.255
210.93.192.0,210.93.223.255
210.93.224.0,210.93.255.255
210.94.0.0,210.94.31.255
210.94.128.0,210.94.159.255
210.94.160.0,210.94.191.255
210.94.192.0,210.94.223.255
210.94.224.0,210.94.255.255
210.94.32.0,210.94.63.255
210.97.128.0,210.97.159.255
210.97.160.0,210.97.191.255
210.98.192.0,210.98.223.255
210.98.224.0,210.98.255.255
211.110.192.0,211.110.223.255
211.111.128.0,211.111.159.255
211.111.224.0,211.111.255.255
211.112.64.0,211.112.95.255
211.112.96.0,211.112.127.255
211.115.0.0,211.115.31.255
211.115.192.0,211.115.223.255
211.115.224.0,211.115.255.255
211.115.32.0,211.115.63.255
211.116.128.0,211.116.159.255
211.116.192.0,211.116.223.255
211.116.224.0,211.116.255.255
211.172.0.0,211.172.31.255
211.172.32.0,211.172.63.255
211.173.128.0,211.173.159.255
211.173.160.0,211.173.191.255
211.174.64.0,211.174.95.255
211.174.96.0,211.174.127.255
211.187.160.0,211.187.191.255
211.188.0.0,211.188.31.255
211.188.32.0,211.188.63.255
211.188.64.0,211.188.95.255
211.189.128.0,211.189.159.255
211.189.160.0,211.189.191.255
211.189.192.0,211.189.223.255
211.189.224.0,211.189.255.255
211.190.0.0,211.190.31.255
211.190.160.0,211.190.191.255
211.190.192.0,211.190.223.255
211.190.224.0,211.190.255.255
211.190.64.0,211.190.95.255
211.236.192.0,211.236.223.255
211.236.224.0,211.236.255.255
211.191.160.0,211.191.191.255
211.191.192.0,211.191.223.255
211.191.64.0,211.191.95.255
211.233.160.0,211.233.191.255
211.233.64.0,211.233.95.255
211.233.96.0,211.233.127.255
211.234.192.0,211.234.223.255
211.235.0.0,211.235.31.255
211.235.192.0,211.235.223.255
211.235.224.0,211.235.255.255
211.235.32.0,211.235.63.255
211.236.128.0,211.236.159.255
211.236.160.0,211.236.191.255
211.237.160.0,211.237.191.255
211.238.0.0,211.238.31.255
211.238.128.0,211.238.159.255
211.238.32.0,211.238.63.255
211.238.64.0,211.238.95.255
211.238.96.0,211.238.127.255
211.254.192.0,211.254.223.255
211.255.160.0,211.255.191.255
211.255.224.0,211.255.255.255
211.36.128.0,211.36.159.255
211.36.160.0,211.36.191.255
211.36.64.0,211.36.95.255
211.36.96.0,211.36.127.255
211.37.192.0,211.37.223.255
211.37.224.0,211.37.255.255
211.39.128.0,211.39.159.255
211.39.160.0,211.39.191.255
211.39.192.0,211.39.223.255
211.39.224.0,211.39.255.255
211.39.64.0,211.39.95.255
211.39.96.0,211.39.127.255
211.41.128.0,211.41.159.255
211.41.160.0,211.41.191.255
211.41.224.0,211.41.255.255
211.41.64.0,211.41.95.255
211.41.96.0,211.41.127.255
211.43.0.0,211.43.31.255
211.43.160.0,211.43.191.255
211.43.192.0,211.43.223.255
211.43.224.0,211.43.255.255
211.43.32.0,211.43.63.255
211.45.0.0,211.45.31.255
211.45.32.0,211.45.63.255
211.45.64.0,211.45.95.255
211.45.96.0,211.45.127.255
211.47.128.0,211.47.159.255
211.47.192.0,211.47.223.255
211.47.96.0,211.47.127.255
211.52.160.0,211.52.191.255
211.56.192.0,211.56.223.255
211.56.224.0,211.56.255.255
211.56.32.0,211.56.63.255
211.61.64.0,211.61.95.255
211.63.64.0,211.63.95.255
211.63.96.0,211.63.127.255
61.100.192.0,61.100.223.255
61.101.192.0,61.101.223.255
61.106.0.0,61.106.31.255
61.106.192.0,61.106.223.255
61.106.32.0,61.106.63.255
61.106.96.0,61.106.127.255
61.110.0.0,61.110.31.255
61.110.160.0,61.110.191.255
61.111.192.0,61.111.223.255
61.111.64.0,61.111.95.255
61.248.128.0,61.248.159.255
61.248.192.0,61.248.223.255
61.249.128.0,61.249.159.255
61.249.160.0,61.249.191.255
61.249.192.0,61.249.223.255
61.249.224.0,61.249.255.255
61.249.96.0,61.249.127.255
61.251.128.0,61.251.159.255
61.251.32.0,61.251.63.255
61.252.128.0,61.252.159.255
61.252.160.0,61.252.191.255
61.252.96.0,61.252.127.255
61.254.128.0,61.254.159.255
61.254.160.0,61.254.191.255
61.97.128.0,61.97.159.255
61.97.192.0,61.97.223.255
61.97.32.0,61.97.63.255
152.149.0.0,152.149.31.255
202.30.0.0,202.30.31.255
202.30.64.0,202.30.95.255
202.31.224.0,202.31.255.255
203.226.192.0,203.226.223.255
203.230.128.0,203.230.159.255
203.230.160.0,203.230.191.255
203.233.192.0,203.233.223.255
203.234.64.0,203.234.95.255
203.235.224.0,203.235.255.255
203.236.0.0,203.236.31.255
203.237.64.0,203.237.95.255
203.237.96.0,203.237.127.255
203.238.128.0,203.238.159.255
203.238.192.0,203.238.223.255
203.238.224.0,203.238.255.255
203.239.192.0,203.239.223.255
203.239.224.0,203.239.255.255
203.240.128.0,203.240.159.255
203.240.64.0,203.240.95.255
203.241.0.0,203.241.31.255
203.241.224.0,203.241.255.255
203.242.0.0,203.242.31.255
203.242.64.0,203.242.95.255
203.244.0.0,203.244.31.255
203.244.192.0,203.244.223.255
203.244.32.0,203.244.63.255
203.244.64.0,203.244.95.255
203.244.96.0,203.244.127.255
203.246.128.0,203.246.159.255
203.247.0.0,203.247.31.255
203.247.128.0,203.247.159.255
203.247.160.0,203.247.191.255
203.247.192.0,203.247.223.255
203.247.224.0,203.247.255.255
203.247.32.0,203.247.63.255
203.249.128.0,203.249.159.255
203.249.160.0,203.249.191.255
203.249.192.0,203.249.223.255
203.249.224.0,203.249.255.255
203.249.64.0,203.249.95.255
203.249.96.0,203.249.127.255
203.250.0.0,203.250.31.255
203.250.32.0,203.250.63.255
203.250.64.0,203.250.95.255
203.250.96.0,203.250.127.255
203.252.224.0,203.252.255.255
203.252.64.0,203.252.95.255
203.252.96.0,203.252.127.255
203.253.0.0,203.253.31.255
203.253.160.0,203.253.191.255
203.253.192.0,203.253.223.255
203.253.64.0,203.253.95.255
203.254.128.0,203.254.159.255
203.254.64.0,203.254.95.255
203.254.96.0,203.254.127.255
203.255.128.0,203.255.159.255
203.255.160.0,203.255.191.255
203.255.64.0,203.255.95.255
210.101.192.0,210.101.223.255
210.101.224.0,210.101.255.255
210.102.64.0,210.102.95.255
210.102.96.0,210.102.127.255
210.106.64.0,210.106.95.255
210.106.96.0,210.106.127.255
210.111.128.0,210.111.159.255
210.111.160.0,210.111.191.255
210.111.192.0,210.111.223.255
210.111.224.0,210.111.255.255
210.112.128.0,210.112.159.255
210.112.192.0,210.112.223.255
210.112.224.0,210.112.255.255
210.114.128.0,210.114.159.255
210.114.160.0,210.114.191.255
210.114.224.0,210.114.255.255
210.115.0.0,210.115.31.255
210.115.128.0,210.115.159.255
210.115.160.0,210.115.191.255
210.115.192.0,210.115.223.255
210.115.224.0,210.115.255.255
210.115.32.0,210.115.63.255
210.115.64.0,210.115.95.255
210.115.96.0,210.115.127.255
210.118.0.0,210.118.31.255
210.118.32.0,210.118.63.255
210.119.192.0,210.119.223.255
210.125.32.0,210.125.63.255
210.127.0.0,210.127.31.255
210.127.32.0,210.127.63.255
210.180.64.0,210.180.95.255
210.180.96.0,210.180.127.255
210.181.0.0,210.181.31.255
210.181.192.0,210.181.223.255
210.181.224.0,210.181.255.255
210.181.32.0,210.181.63.255
210.205.192.0,210.205.223.255
210.205.64.0,210.205.95.255
165.141.64.0,165.141.95.255
27.116.64.0,27.116.127.255
27.117.0.0,27.117.63.255
27.117.64.0,27.117.127.255
27.117.128.0,27.117.191.255
27.117.192.0,27.117.255.255
27.118.64.0,27.118.127.255
27.120.0.0,27.120.63.255
14.0.64.0,14.0.127.255
27.126.0.0,27.126.63.255
58.138.192.0,58.138.255.255
58.146.192.0,58.146.255.255
58.181.0.0,58.181.63.255
61.47.192.0,61.47.255.255
49.236.64.0,49.236.127.255
49.238.64.0,49.238.127.255
49.239.128.0,49.239.191.255
59.86.192.0,59.86.255.255
59.151.192.0,59.151.255.255
60.253.0.0,60.253.63.255
49.246.0.0,49.246.63.255
49.246.64.0,49.246.127.255
59.152.128.0,59.152.191.255
61.247.64.0,61.247.127.255
58.65.64.0,58.65.127.255
110.165.64.0,110.165.127.255
110.172.64.0,110.172.127.255
113.192.64.0,113.192.127.255
116.93.192.0,116.93.255.255
119.17.64.0,119.17.127.255
119.18.64.0,119.18.127.255
120.50.64.0,120.50.127.255
110.4.64.0,110.4.127.255
111.65.128.0,111.65.191.255
112.121.192.0,112.121.255.255
112.133.128.0,112.133.191.255
112.140.64.0,112.140.127.255
114.29.128.0,114.29.191.255
115.126.192.0,115.126.255.255
118.91.0.0,118.91.63.255
118.91.64.0,118.91.127.255
119.30.128.0,119.30.191.255
120.136.64.0,120.136.127.255
120.143.192.0,120.143.255.255
121.0.64.0,121.0.127.255
121.1.64.0,121.1.127.255
110.34.64.0,110.34.127.255
110.35.0.0,110.35.63.255
110.44.192.0,110.44.255.255
112.140.192.0,112.140.255.255
113.10.0.0,113.10.63.255
114.108.128.0,114.108.191.255
114.111.192.0,114.111.255.255
114.129.64.0,114.129.127.255
114.129.192.0,114.129.255.255
116.255.64.0,116.255.127.255
118.127.192.0,118.127.255.255
118.139.192.0,118.139.255.255
119.59.0.0,119.59.63.255
119.75.64.0,119.75.127.255
119.75.128.0,119.75.191.255
121.50.64.0,121.50.127.255
121.54.192.0,121.54.255.255
121.55.64.0,121.55.127.255
121.55.128.0,121.55.191.255
110.76.64.0,110.76.127.255
113.29.128.0,113.29.191.255
113.30.0.0,113.30.63.255
113.30.64.0,113.30.127.255
113.59.128.0,113.59.191.255
114.199.0.0,114.199.63.255
117.20.192.0,117.20.255.255
117.53.192.0,117.53.255.255
117.55.128.0,117.55.191.255
180.92.64.0,180.92.127.255
180.233.192.0,180.233.255.255
182.252.0.0,182.252.63.255
183.78.192.0,183.78.255.255
183.86.192.0,183.86.255.255
121.127.64.0,121.127.127.255
121.127.128.0,121.127.191.255
121.200.64.0,121.200.127.255
121.254.0.0,121.254.63.255
122.252.64.0,122.252.127.255
124.28.128.0,124.28.191.255
125.60.0.0,125.60.63.255
125.60.64.0,125.60.127.255
125.208.64.0,125.208.127.255
125.209.0.0,125.209.63.255
125.209.192.0,125.209.255.255
180.131.0.0,180.131.63.255
183.91.192.0,183.91.255.255
122.49.64.0,122.49.127.255
123.99.64.0,123.99.127.255
124.146.0.0,124.146.63.255
125.252.0.0,125.252.63.255
122.128.128.0,122.128.191.255
122.128.192.0,122.128.255.255
123.200.64.0,123.200.127.255
124.197.128.0,124.197.191.255
124.199.0.0,124.199.63.255
175.107.64.0,175.107.127.255
180.189.64.0,180.189.127.255
180.211.0.0,180.211.63.255
182.237.64.0,182.237.127.255
182.237.192.0,182.237.255.255
121.100.64.0,121.100.127.255
122.199.64.0,122.199.127.255
125.7.128.0,125.7.191.255
125.7.192.0,125.7.255.255
125.31.128.0,125.31.191.255
210.218.128.0,210.218.191.255
210.16.192.0,210.16.255.255
211.45.128.0,211.45.191.255
211.45.192.0,211.45.255.255
211.116.0.0,211.116.63.255
210.92.0.0,210.92.63.255
211.116.64.0,211.116.127.255
203.217.192.0,203.217.255.255
210.92.64.0,210.92.127.255
210.98.128.0,210.98.191.255
210.101.128.0,210.101.191.255
210.103.128.0,210.103.191.255
210.106.128.0,210.106.191.255
210.180.128.0,210.180.191.255
211.234.0.0,211.234.63.255
211.254.128.0,211.254.191.255
222.231.0.0,222.231.63.255
210.210.192.0,210.210.255.255
221.133.128.0,221.133.191.255
223.130.64.0,223.130.127.255
206.219.0.0,206.219.63.255
106.10.64.0,106.10.127.255
223.130.128.0,223.130.191.255
210.218.0.0,210.218.63.255
210.219.128.0,210.219.191.255
210.219.192.0,210.219.255.255
210.219.64.0,210.219.127.255
210.220.192.0,210.220.255.255
210.221.192.0,210.221.255.255
210.93.128.0,210.93.191.255
210.94.64.0,210.94.127.255
210.98.0.0,210.98.63.255
210.98.64.0,210.98.127.255
211.110.128.0,211.110.191.255
211.112.0.0,211.112.63.255
211.115.128.0,211.115.191.255
211.115.64.0,211.115.127.255
211.173.192.0,211.173.255.255
211.187.192.0,211.187.255.255
211.232.128.0,211.232.191.255
211.232.192.0,211.232.255.255
211.233.0.0,211.233.63.255
211.233.192.0,211.233.255.255
211.234.128.0,211.234.191.255
211.235.128.0,211.235.191.255
211.235.64.0,211.235.127.255
211.236.0.0,211.236.63.255
211.236.64.0,211.236.127.255
211.255.0.0,211.255.63.255
211.255.64.0,211.255.127.255
211.35.0.0,211.35.63.255
211.36.0.0,211.36.63.255
211.37.128.0,211.37.191.255
211.39.0.0,211.39.63.255
211.41.0.0,211.41.63.255
211.43.64.0,211.43.127.255
211.47.0.0,211.47.63.255
211.52.0.0,211.52.63.255
211.52.192.0,211.52.255.255
211.52.64.0,211.52.127.255
211.56.128.0,211.56.191.255
211.56.64.0,211.56.127.255
211.61.0.0,211.61.63.255
218.37.128.0,218.37.191.255
218.37.192.0,218.37.255.255
61.100.128.0,61.100.191.255
61.101.128.0,61.101.191.255
61.106.128.0,61.106.191.255
61.110.192.0,61.110.255.255
61.110.64.0,61.110.127.255
61.111.0.0,61.111.63.255
61.111.128.0,61.111.191.255
61.249.0.0,61.249.63.255
61.250.0.0,61.250.63.255
61.250.64.0,61.250.127.255
61.251.192.0,61.251.255.255
61.252.192.0,61.252.255.255
61.254.192.0,61.254.255.255
152.149.64.0,152.149.127.255
203.226.0.0,203.226.63.255
203.226.128.0,203.226.191.255
203.226.64.0,203.226.127.255
203.230.0.0,203.230.63.255
203.230.192.0,203.230.255.255
203.234.0.0,203.234.63.255
203.235.128.0,203.235.191.255
203.236.128.0,203.236.191.255
203.236.192.0,203.236.255.255
203.236.64.0,203.236.127.255
203.237.0.0,203.237.63.255
203.239.128.0,203.239.191.255
203.240.0.0,203.240.63.255
203.240.192.0,203.240.255.255
203.243.0.0,203.243.63.255
203.243.64.0,203.243.127.255
203.244.128.0,203.244.191.255
203.245.0.0,203.245.63.255
203.245.64.0,203.245.127.255
203.246.192.0,203.246.255.255
203.247.64.0,203.247.127.255
203.249.0.0,203.249.63.255
203.251.128.0,203.251.191.255
203.251.192.0,203.251.255.255
203.252.128.0,203.252.191.255
203.254.192.0,203.254.255.255
203.255.0.0,203.255.63.255
210.101.0.0,210.101.63.255
210.101.64.0,210.101.127.255
210.106.0.0,210.106.63.255
210.111.0.0,210.111.63.255
210.114.0.0,210.114.63.255
210.116.0.0,210.116.63.255
210.116.64.0,210.116.127.255
210.117.128.0,210.117.191.255
210.117.192.0,210.117.255.255
210.118.64.0,210.118.127.255
210.119.128.0,210.119.191.255
210.125.64.0,210.125.127.255
210.127.64.0,210.127.127.255
210.181.128.0,210.181.191.255
210.181.64.0,210.181.127.255
210.205.0.0,210.205.63.255
210.205.128.0,210.205.191.255
165.141.0.0,165.141.63.255
14.128.128.0,14.128.255.255
27.100.128.0,27.100.255.255
27.112.128.0,27.112.255.255
27.113.0.0,27.113.127.255
27.115.128.0,27.115.255.255
27.116.128.0,27.116.255.255
27.118.128.0,27.118.255.255
27.119.0.0,27.119.127.255
27.119.128.0,27.119.255.255
27.122.128.0,27.122.255.255
27.124.128.0,27.124.255.255
27.125.0.0,27.125.127.255
101.55.0.0,101.55.127.255
49.143.0.0,49.143.127.255
58.145.0.0,58.145.127.255
49.238.128.0,49.238.255.255
112.72.128.0,112.72.255.255
113.130.128.0,113.130.255.255
113.199.0.0,113.199.127.255
112.133.0.0,112.133.127.255
112.136.128.0,112.136.255.255
114.29.0.0,114.29.127.255
114.30.128.0,114.30.255.255
121.0.128.0,121.0.255.255
110.5.128.0,110.5.255.255
110.35.128.0,110.35.255.255
110.45.0.0,110.45.127.255
110.45.128.0,110.45.255.255
111.118.0.0,111.118.127.255
114.108.0.0,114.108.127.255
114.110.128.0,114.110.255.255
115.160.0.0,115.160.127.255
119.56.128.0,119.56.255.255
110.92.128.0,110.92.255.255
111.171.0.0,111.171.127.255
114.199.128.0,114.199.255.255
116.67.0.0,116.67.127.255
182.252.128.0,182.252.255.255
182.255.128.0,182.255.255.255
121.254.128.0,121.254.255.255
122.254.128.0,122.254.255.255
124.46.0.0,124.46.127.255
124.46.128.0,124.46.255.255
125.61.0.0,125.61.127.255
122.99.128.0,122.99.255.255
124.153.128.0,124.153.255.255
182.161.128.0,182.161.255.255
182.163.128.0,182.163.255.255
123.199.0.0,123.199.127.255
124.198.0.0,124.198.127.255
124.199.128.0,124.199.255.255
180.210.0.0,180.210.127.255
122.199.128.0,122.199.255.255
122.202.128.0,122.202.255.255
123.254.128.0,123.254.255.255
124.28.0.0,124.28.127.255
124.243.0.0,124.243.127.255
124.254.128.0,124.254.255.255
202.20.128.0,202.20.255.255
218.101.128.0,218.101.255.255
211.42.0.0,211.42.127.255
211.62.0.0,211.62.127.255
211.62.128.0,211.62.255.255
211.63.128.0,211.63.255.255
210.92.128.0,210.92.255.255
210.96.0.0,210.96.127.255
210.96.128.0,210.96.255.255
210.97.0.0,210.97.127.255
210.102.128.0,210.102.255.255
210.103.0.0,210.103.127.255
210.107.0.0,210.107.127.255
210.107.128.0,210.107.255.255
211.254.0.0,211.254.127.255
222.251.128.0,222.251.255.255
223.26.128.0,223.26.255.255
203.233.0.0,203.233.127.255
203.248.0.0,203.248.127.255
203.248.128.0,203.248.255.255
223.28.128.0,223.28.255.255
223.165.128.0,223.165.255.255
101.79.0.0,101.79.127.255
210.217.0.0,210.217.127.255
210.221.0.0,210.221.127.255
210.93.0.0,210.93.127.255
211.110.0.0,211.110.127.255
211.111.0.0,211.111.127.255
211.112.128.0,211.112.255.255
211.113.0.0,211.113.127.255
211.113.128.0,211.113.255.255
211.173.0.0,211.173.127.255
211.174.128.0,211.174.255.255
211.187.0.0,211.187.127.255
211.188.128.0,211.188.255.255
211.189.0.0,211.189.127.255
211.232.0.0,211.232.127.255
211.240.0.0,211.240.127.255
211.240.128.0,211.240.255.255
211.241.0.0,211.241.127.255
211.241.128.0,211.241.255.255
211.246.0.0,211.246.127.255
211.246.128.0,211.246.255.255
211.247.0.0,211.247.127.255
211.247.128.0,211.247.255.255
211.33.0.0,211.33.127.255
211.33.128.0,211.33.255.255
211.35.128.0,211.35.255.255
211.37.0.0,211.37.127.255
211.61.128.0,211.61.255.255
218.36.0.0,218.36.127.255
218.36.128.0,218.36.255.255
218.37.0.0,218.37.127.255
61.100.0.0,61.100.127.255
61.101.0.0,61.101.127.255
61.102.0.0,61.102.127.255
61.102.128.0,61.102.255.255
61.109.0.0,61.109.127.255
61.109.128.0,61.109.255.255
61.248.0.0,61.248.127.255
61.250.128.0,61.250.255.255
61.254.0.0,61.254.127.255
152.149.128.0,152.149.255.255
202.30.128.0,202.30.255.255
202.31.0.0,202.31.127.255
203.228.0.0,203.228.127.255
203.228.128.0,203.228.255.255
203.229.0.0,203.229.127.255
203.229.128.0,203.229.255.255
203.232.0.0,203.232.127.255
203.232.128.0,203.232.255.255
203.234.128.0,203.234.255.255
203.235.0.0,203.235.127.255
203.237.128.0,203.237.255.255
203.238.0.0,203.238.127.255
203.239.0.0,203.239.127.255
203.242.128.0,203.242.255.255
203.243.128.0,203.243.255.255
203.245.128.0,203.245.255.255
203.246.0.0,203.246.127.255
203.250.128.0,203.250.255.255
203.251.0.0,203.251.127.255
210.110.0.0,210.110.127.255
210.110.128.0,210.110.255.255
210.112.0.0,210.112.127.255
210.116.128.0,210.116.255.255
210.117.0.0,210.117.127.255
210.118.128.0,210.118.255.255
210.119.0.0,210.119.127.255
210.121.0.0,210.121.127.255
210.121.128.0,210.121.255.255
210.125.128.0,210.125.255.255
210.126.0.0,210.126.127.255
210.126.128.0,210.126.255.255
210.127.128.0,210.127.255.255
165.141.128.0,165.141.255.255
14.129.0.0,14.129.255.255
14.138.0.0,14.138.255.255
14.206.0.0,14.206.255.255
27.1.0.0,27.1.255.255
27.35.0.0,27.35.255.255
27.101.0.0,27.101.255.255
27.102.0.0,27.102.255.255
1.11.0.0,1.11.255.255
1.201.0.0,1.201.255.255
42.82.0.0,42.82.255.255
49.1.0.0,49.1.255.255
49.142.0.0,49.142.255.255
58.180.0.0,58.180.255.255
58.184.0.0,58.184.255.255
101.202.0.0,101.202.255.255
101.235.0.0,101.235.255.255
101.250.0.0,101.250.255.255
59.150.0.0,59.150.255.255
49.247.0.0,49.247.255.255
49.254.0.0,49.254.255.255
58.29.0.0,58.29.255.255
115.68.0.0,115.68.255.255
113.60.0.0,113.60.255.255
113.131.0.0,113.131.255.255
113.198.0.0,113.198.255.255
116.84.0.0,116.84.255.255
120.73.0.0,120.73.255.255
112.108.0.0,112.108.255.255
115.71.0.0,115.71.255.255
115.86.0.0,115.86.255.255
115.144.0.0,115.144.255.255
115.145.0.0,115.145.255.255
117.123.0.0,117.123.255.255
120.142.0.0,120.142.255.255
112.212.0.0,112.212.255.255
112.214.0.0,112.214.255.255
115.161.0.0,115.161.255.255
121.53.0.0,121.53.255.255
117.52.0.0,117.52.255.255
118.176.0.0,118.176.255.255
119.149.0.0,119.149.255.255
152.99.0.0,152.99.255.255
154.10.0.0,154.10.255.255
134.75.0.0,134.75.255.255
143.248.0.0,143.248.255.255
158.44.0.0,158.44.255.255
165.213.0.0,165.213.255.255
165.229.0.0,165.229.255.255
165.243.0.0,165.243.255.255
165.244.0.0,165.244.255.255
165.246.0.0,165.246.255.255
166.79.0.0,166.79.255.255
166.103.0.0,166.103.255.255
166.104.0.0,166.104.255.255
166.125.0.0,166.125.255.255
168.78.0.0,168.78.255.255
168.115.0.0,168.115.255.255
168.126.0.0,168.126.255.255
168.131.0.0,168.131.255.255
168.154.0.0,168.154.255.255
168.188.0.0,168.188.255.255
168.219.0.0,168.219.255.255
169.140.0.0,169.140.255.255
124.80.0.0,124.80.255.255
125.57.0.0,125.57.255.255
137.68.0.0,137.68.255.255
155.230.0.0,155.230.255.255
156.147.0.0,156.147.255.255
182.31.0.0,182.31.255.255
122.101.0.0,122.101.255.255
123.109.0.0,123.109.255.255
123.111.0.0,123.111.255.255
124.111.0.0,124.111.255.255
139.150.0.0,139.150.255.255
147.6.0.0,147.6.255.255
147.43.0.0,147.43.255.255
150.150.0.0,150.150.255.255
150.183.0.0,150.183.255.255
150.197.0.0,150.197.255.255
163.152.0.0,163.152.255.255
163.180.0.0,163.180.255.255
163.213.0.0,163.213.255.255
163.222.0.0,163.222.255.255
180.182.0.0,180.182.255.255
182.162.0.0,182.162.255.255
124.194.0.0,124.194.255.255
124.216.0.0,124.216.255.255
128.134.0.0,128.134.255.255
129.254.0.0,129.254.255.255
141.223.0.0,141.223.255.255
157.197.0.0,157.197.255.255
161.122.0.0,161.122.255.255
163.229.0.0,163.229.255.255
163.239.0.0,163.239.255.255
163.255.0.0,163.255.255.255
164.124.0.0,164.124.255.255
164.125.0.0,164.125.255.255
165.132.0.0,165.132.255.255
165.133.0.0,165.133.255.255
165.186.0.0,165.186.255.255
165.194.0.0,165.194.255.255
182.172.0.0,182.172.255.255
121.78.0.0,121.78.255.255
121.88.0.0,121.88.255.255
121.126.0.0,121.126.255.255
122.153.0.0,122.153.255.255
122.203.0.0,122.203.255.255
123.248.0.0,123.248.255.255
124.2.0.0,124.2.255.255
124.3.0.0,124.3.255.255
124.5.0.0,124.5.255.255
210.216.0.0,210.216.255.255
223.222.0.0,223.222.255.255
220.149.0.0,220.149.255.255
221.168.0.0,221.168.255.255
223.253.0.0,223.253.255.255
211.32.0.0,211.32.255.255
211.40.0.0,211.40.255.255
211.44.0.0,211.44.255.255
211.50.0.0,211.50.255.255
211.51.0.0,211.51.255.255
211.53.0.0,211.53.255.255
211.60.0.0,211.60.255.255
218.209.0.0,218.209.255.255
220.230.0.0,220.230.255.255
222.122.0.0,222.122.255.255
210.99.0.0,210.99.255.255
210.100.0.0,210.100.255.255
210.108.0.0,210.108.255.255
210.109.0.0,210.109.255.255
210.120.0.0,210.120.255.255
210.124.0.0,210.124.255.255
210.182.0.0,210.182.255.255
210.183.0.0,210.183.255.255
211.117.0.0,211.117.255.255
211.200.0.0,211.200.255.255
211.201.0.0,211.201.255.255
211.206.0.0,211.206.255.255
211.207.0.0,211.207.255.255
211.216.0.0,211.216.255.255
211.217.0.0,211.217.255.255
203.224.0.0,203.224.255.255
203.225.0.0,203.225.255.255
220.103.0.0,220.103.255.255
223.131.0.0,223.131.255.255
210.95.0.0,210.95.255.255
211.114.0.0,211.114.255.255
211.175.0.0,211.175.255.255
211.182.0.0,211.182.255.255
211.183.0.0,211.183.255.255
211.186.0.0,211.186.255.255
211.239.0.0,211.239.255.255
211.242.0.0,211.242.255.255
211.243.0.0,211.243.255.255
211.248.0.0,211.248.255.255
211.249.0.0,211.249.255.255
211.34.0.0,211.34.255.255
211.38.0.0,211.38.255.255
211.46.0.0,211.46.255.255
211.48.0.0,211.48.255.255
211.49.0.0,211.49.255.255
211.57.0.0,211.57.255.255
220.64.0.0,220.64.255.255
220.65.0.0,220.65.255.255
61.103.0.0,61.103.255.255
61.104.0.0,61.104.255.255
61.105.0.0,61.105.255.255
61.107.0.0,61.107.255.255
61.108.0.0,61.108.255.255
61.253.0.0,61.253.255.255
61.255.0.0,61.255.255.255
61.96.0.0,61.96.255.255
203.227.0.0,203.227.255.255
203.231.0.0,203.231.255.255
210.113.0.0,210.113.255.255
210.122.0.0,210.122.255.255
210.123.0.0,210.123.255.255
210.204.0.0,210.204.255.255
36.38.0.0,36.39.255.255
1.176.0.0,1.177.255.255
59.186.0.0,59.187.255.255
60.196.0.0,60.197.255.255
61.76.0.0,61.77.255.255
61.78.0.0,61.79.255.255
61.84.0.0,61.85.255.255
58.102.0.0,58.103.255.255
115.40.0.0,115.41.255.255
112.76.0.0,112.77.255.255
117.110.0.0,117.111.255.255
112.106.0.0,112.107.255.255
113.216.0.0,113.217.255.255
116.200.0.0,116.201.255.255
110.46.0.0,110.47.255.255
114.52.0.0,114.53.255.255
114.70.0.0,114.71.255.255
111.218.0.0,111.219.255.255
117.16.0.0,117.17.255.255
118.234.0.0,118.235.255.255
168.248.0.0,168.249.255.255
121.252.0.0,121.253.255.255
123.228.0.0,123.229.255.255
121.124.0.0,121.125.255.255
123.250.0.0,123.251.255.255
124.0.0.0,124.1.255.255
210.222.0.0,210.223.255.255
221.138.0.0,221.139.255.255
210.90.0.0,210.91.255.255
211.54.0.0,211.55.255.255
218.232.0.0,218.233.255.255
218.234.0.0,218.235.255.255
222.120.0.0,222.121.255.255
210.104.0.0,210.105.255.255
210.178.0.0,210.179.255.255
211.202.0.0,211.203.255.255
211.204.0.0,211.205.255.255
211.218.0.0,211.219.255.255
211.224.0.0,211.225.255.255
211.226.0.0,211.227.255.255
211.252.0.0,211.253.255.255
218.48.0.0,218.49.255.255
218.50.0.0,218.51.255.255
219.240.0.0,219.241.255.255
223.194.0.0,223.195.255.255
211.108.0.0,211.109.255.255
211.118.0.0,211.119.255.255
211.180.0.0,211.181.255.255
211.184.0.0,211.185.255.255
211.244.0.0,211.245.255.255
211.250.0.0,211.251.255.255
211.58.0.0,211.59.255.255
218.38.0.0,218.39.255.255
219.252.0.0,219.253.255.255
219.254.0.0,219.255.255.255
220.66.0.0,220.67.255.255
220.68.0.0,220.69.255.255
220.70.0.0,220.71.255.255
61.98.0.0,61.99.255.255
147.46.0.0,147.47.255.255
210.206.0.0,210.207.255.255
1.16.0.0,1.19.255.255
39.4.0.0,39.7.255.255
14.4.0.0,14.7.255.255
61.40.0.0,61.43.255.255
49.8.0.0,49.11.255.255
58.140.0.0,58.143.255.255
58.148.0.0,58.151.255.255
61.72.0.0,61.75.255.255
61.80.0.0,61.83.255.255
118.128.0.0,118.131.255.255
110.68.0.0,110.71.255.255
180.80.0.0,180.83.255.255
180.236.0.0,180.239.255.255
180.132.0.0,180.135.255.255
124.136.0.0,124.139.255.255
125.248.0.0,125.251.255.255
123.140.0.0,123.143.255.255
123.212.0.0,123.215.255.255
121.64.0.0,121.67.255.255
221.140.0.0,221.143.255.255
218.236.0.0,218.239.255.255
211.176.0.0,211.179.255.255
211.208.0.0,211.211.255.255
211.212.0.0,211.215.255.255
211.220.0.0,211.223.255.255
211.228.0.0,211.231.255.255
218.52.0.0,218.55.255.255
220.88.0.0,220.91.255.255
220.92.0.0,220.95.255.255
220.116.0.0,220.119.255.255
211.104.0.0,211.107.255.255
211.168.0.0,211.171.255.255
219.248.0.0,219.251.255.255
27.176.0.0,27.183.255.255
27.232.0.0,27.239.255.255
42.8.0.0,42.15.255.255
61.32.0.0,61.39.255.255
49.56.0.0,49.63.255.255
58.120.0.0,58.127.255.255
58.72.0.0,58.79.255.255
114.200.0.0,114.207.255.255
115.16.0.0,115.23.255.255
106.96.0.0,106.103.255.255
115.88.0.0,115.95.255.255
115.136.0.0,115.143.255.255
116.120.0.0,116.127.255.255
110.8.0.0,110.15.255.255
112.216.0.0,112.223.255.255
119.64.0.0,119.71.255.255
118.216.0.0,118.223.255.255
180.64.0.0,180.71.255.255
180.224.0.0,180.231.255.255
125.240.0.0,125.247.255.255
182.192.0.0,182.199.255.255
182.224.0.0,182.231.255.255
221.160.0.0,221.167.255.255
222.112.0.0,222.119.255.255
211.192.0.0,211.199.255.255
222.232.0.0,222.239.255.255
220.72.0.0,220.79.255.255
220.80.0.0,220.87.255.255
220.120.0.0,220.127.255.255
223.168.0.0,223.175.255.255
27.160.0.0,27.175.255.255
39.16.0.0,39.31.255.255
39.112.0.0,39.127.255.255
42.16.0.0,42.31.255.255
42.32.0.0,42.47.255.255
1.96.0.0,1.111.255.255
1.208.0.0,1.223.255.255
49.16.0.0,49.31.255.255
49.160.0.0,49.175.255.255
58.224.0.0,58.239.255.255
115.0.0.0,115.15.255.255
106.240.0.0,106.255.255.255
112.144.0.0,112.159.255.255
116.32.0.0,116.47.255.255
169.208.0.0,169.223.255.255
122.32.0.0,122.47.255.255
123.32.0.0,123.47.255.255
124.48.0.0,124.63.255.255
125.176.0.0,125.191.255.255
175.112.0.0,175.127.255.255
182.208.0.0,182.223.255.255
221.144.0.0,221.159.255.255
218.144.0.0,218.159.255.255
222.96.0.0,222.111.255.255
1.224.0.0,1.255.255.255
14.32.0.0,14.63.255.255
14.64.0.0,14.95.255.255
59.0.0.0,59.31.255.255
119.192.0.0,119.223.255.255
118.32.0.0,118.63.255.255
112.160.0.0,112.191.255.255
121.128.0.0,121.159.255.255
121.160.0.0,121.191.255.255
125.128.0.0,125.159.255.255
183.96.0.0,183.127.255.255
223.32.0.0,223.63.255.255
175.192.0.0,175.255.255.255